batter_id,batter_name,OPS
62,김주찬,0.895
63,김주형,0.33808979392051697
64,김지수,0.2743690311908722
65,김진곤,0.2541864514350891
66,김철호,0.005405992269515991
67,김태균,0.33808979392051697
68,김태연,0.2076273411512375
69,김태완,0.33808979392051697
70,김태진,0.33808979392051697
71,김하성,0.33808979392051697
72,김헌곤,0.33808979392051697
