batter_id,batter_name,OPS
36,김민성,0.33360838890075684
37,김민수,0.1943465769290924
38,김민식,0.33360838890075684
335,홍성갑,0.2527628540992737
39,김민하,0.22276738286018372
40,김사훈,0.29635268449783325
41,김상수,0.33360838890075684
43,김선빈,0.33360838890075684
44,김성욱,0.33360838890075684
45,김성현,0.33360838890075684
