batter_id,batter_name,OPS
273,정은원,0.3384765386581421
274,정의윤,0.3384765386581421
275,정주현,0.2733601927757263
277,정진기,0.21557119488716125
278,정진호,0.3011624813079834
